{
    "template": {
        "label": "TEMPLATE - this contains all the possible options for codec names... Use this if a new container is added",
        "extension": "na",
        "codec_types": [
            "video",
            "audio",
            "subtitle",
            "data",
            "attachment"
        ],
        "codec_names": {
            "video": [
                "4xm",
                "8bps",
                "a64_multi",
                "a64_multi5",
                "aasc",
                "agm",
                "aic",
                "alias_pix",
                "amv",
                "anm",
                "ansi",
                "apng",
                "arbc",
                "argo",
                "asv1",
                "asv2",
                "aura",
                "aura2",
                "av1",
                "avrn",
                "avrp",
                "avs",
                "avs2",
                "avs3",
                "avui",
                "ayuv",
                "bethsoftvid",
                "bfi",
                "binkvideo",
                "bintext",
                "bitpacked",
                "bmp",
                "bmv_video",
                "brender_pix",
                "c93",
                "cavs",
                "cdgraphics",
                "cdtoons",
                "cdxl",
                "cfhd",
                "cinepak",
                "clearvideo",
                "cljr",
                "cllc",
                "cmv",
                "cpia",
                "cri",
                "cscd",
                "cyuv",
                "daala",
                "dds",
                "dfa",
                "dirac",
                "dnxhd",
                "dpx",
                "dsicinvideo",
                "dvvideo",
                "dxa",
                "dxtory",
                "dxv",
                "escape124",
                "escape130",
                "exr",
                "ffv1",
                "ffvhuff",
                "fic",
                "fits",
                "flashsv",
                "flashsv2",
                "flic",
                "flv1",
                "fmvc",
                "fraps",
                "frwu",
                "g2m",
                "gdv",
                "gif",
                "h261",
                "h263",
                "h263i",
                "h263p",
                "h264",
                "hap",
                "hevc",
                "hnm4video",
                "hq_hqa",
                "hqx",
                "huffyuv",
                "hymt",
                "idcin",
                "idf",
                "iff_ilbm",
                "imm4",
                "imm5",
                "indeo2",
                "indeo3",
                "indeo4",
                "indeo5",
                "interplayvideo",
                "ipu",
                "jpeg2000",
                "jpegls",
                "jv",
                "kgv1",
                "kmvc",
                "lagarith",
                "ljpeg",
                "loco",
                "lscr",
                "m101",
                "mad",
                "magicyuv",
                "mdec",
                "mimic",
                "mjpeg",
                "mjpegb",
                "mmvideo",
                "mobiclip",
                "motionpixels",
                "mpeg1video",
                "mpeg2video",
                "mpeg4",
                "msa1",
                "mscc",
                "msmpeg4v1",
                "msmpeg4v2",
                "msmpeg4v3",
                "msp2",
                "msrle",
                "mss1",
                "mss2",
                "msvideo1",
                "mszh",
                "mts2",
                "mv30",
                "mvc1",
                "mvc2",
                "mvdv",
                "mvha",
                "mwsc",
                "mxpeg",
                "notchlc",
                "nuv",
                "paf_video",
                "pam",
                "pbm",
                "pcx",
                "pfm",
                "pgm",
                "pgmyuv",
                "pgx",
                "photocd",
                "pictor",
                "pixlet",
                "png",
                "ppm",
                "prores",
                "prosumer",
                "psd",
                "ptx",
                "qdraw",
                "qpeg",
                "qtrle",
                "r10k",
                "r210",
                "rasc",
                "rawvideo",
                "rl2",
                "roq",
                "rpza",
                "rscc",
                "sanm",
                "scpr",
                "screenpresso",
                "sga",
                "sgi",
                "sgirle",
                "sheervideo",
                "simbiosis_imx",
                "smackvideo",
                "smc",
                "smvjpeg",
                "snow",
                "sp5x",
                "speedhq",
                "srgc",
                "sunrast",
                "svg",
                "svq1",
                "svq3",
                "targa",
                "targa_y216",
                "tdsc",
                "tgq",
                "tgv",
                "theora",
                "thp",
                "tiertexseqvideo",
                "tiff",
                "tmv",
                "tqi",
                "truemotion1",
                "truemotion2",
                "truemotion2rt",
                "tscc",
                "tscc2",
                "txd",
                "ulti",
                "utvideo",
                "v210",
                "v210x",
                "v308",
                "v408",
                "v410",
                "vb",
                "vble",
                "vc1",
                "vc1image",
                "vcr1",
                "vixl",
                "vmdvideo",
                "vmnc",
                "vp3",
                "vp4",
                "vp5",
                "vp6",
                "vp6a",
                "vp6f",
                "vp7",
                "vp8",
                "vp9",
                "vvc",
                "wcmv",
                "webp",
                "wnv1",
                "wrapped_avframe",
                "ws_vqa",
                "xan_wc3",
                "xan_wc4",
                "xbin",
                "xbm",
                "xface",
                "xpm",
                "xwd",
                "y41p",
                "ylc",
                "yop",
                "yuv4",
                "zerocodec",
                "zlib",
                "zmbv"
            ],
            "audio": [
                "4gv",
                "8svx_exp",
                "8svx_fib",
                "aac",
                "aac_latm",
                "ac3",
                "acelp",
                "adpcm_4xm",
                "adpcm_adx",
                "adpcm_afc",
                "adpcm_agm",
                "adpcm_aica",
                "adpcm_argo",
                "adpcm_ct",
                "adpcm_dtk",
                "adpcm_ea",
                "adpcm_ea_maxis_xa",
                "adpcm_ea_r1",
                "adpcm_ea_r2",
                "adpcm_ea_r3",
                "adpcm_ea_xas",
                "adpcm_g722",
                "adpcm_g726",
                "adpcm_g726le",
                "adpcm_ima_alp",
                "adpcm_ima_amv",
                "adpcm_ima_apc",
                "adpcm_ima_apm",
                "adpcm_ima_cunning",
                "adpcm_ima_dat4",
                "adpcm_ima_dk3",
                "adpcm_ima_dk4",
                "adpcm_ima_ea_eacs",
                "adpcm_ima_ea_sead",
                "adpcm_ima_iss",
                "adpcm_ima_moflex",
                "adpcm_ima_mtf",
                "adpcm_ima_oki",
                "adpcm_ima_qt",
                "adpcm_ima_rad",
                "adpcm_ima_smjpeg",
                "adpcm_ima_ssi",
                "adpcm_ima_wav",
                "adpcm_ima_ws",
                "adpcm_ms",
                "adpcm_mtaf",
                "adpcm_psx",
                "adpcm_sbpro_2",
                "adpcm_sbpro_3",
                "adpcm_sbpro_4",
                "adpcm_swf",
                "adpcm_thp",
                "adpcm_thp_le",
                "adpcm_vima",
                "adpcm_xa",
                "adpcm_yamaha",
                "adpcm_zork",
                "alac",
                "amr_nb",
                "amr_wb",
                "ape",
                "aptx",
                "aptx_hd",
                "atrac1",
                "atrac3",
                "atrac3al",
                "atrac3p",
                "atrac3pal",
                "atrac9",
                "avc",
                "binkaudio_dct",
                "binkaudio_rdft",
                "bmv_audio",
                "celt",
                "codec2",
                "comfortnoise",
                "cook",
                "derf_dpcm",
                "dolby_e",
                "dsd_lsbf",
                "dsd_lsbf_planar",
                "dsd_msbf",
                "dsd_msbf_planar",
                "dsicinaudio",
                "dss_sp",
                "dst",
                "dts",
                "dvaudio",
                "eac3",
                "evrc",
                "fastaudio",
                "flac",
                "g723_1",
                "g729",
                "gremlin_dpcm",
                "gsm",
                "gsm_ms",
                "hca",
                "hcom",
                "iac",
                "ilbc",
                "imc",
                "interplay_dpcm",
                "interplayacm",
                "mace3",
                "mace6",
                "metasound",
                "mlp",
                "mp1",
                "mp2",
                "mp3",
                "mp3adu",
                "mp3on4",
                "mp4als",
                "mpegh_3d_audio",
                "musepack7",
                "musepack8",
                "nellymoser",
                "opus",
                "paf_audio",
                "pcm_alaw",
                "pcm_bluray",
                "pcm_dvd",
                "pcm_f16le",
                "pcm_f24le",
                "pcm_f32be",
                "pcm_f32le",
                "pcm_f64be",
                "pcm_f64le",
                "pcm_lxf",
                "pcm_mulaw",
                "pcm_s16be",
                "pcm_s16be_planar",
                "pcm_s16le",
                "pcm_s16le_planar",
                "pcm_s24be",
                "pcm_s24daud",
                "pcm_s24le",
                "pcm_s24le_planar",
                "pcm_s32be",
                "pcm_s32le",
                "pcm_s32le_planar",
                "pcm_s64be",
                "pcm_s64le",
                "pcm_s8",
                "pcm_s8_planar",
                "pcm_sga",
                "pcm_u16be",
                "pcm_u16le",
                "pcm_u24be",
                "pcm_u24le",
                "pcm_u32be",
                "pcm_u32le",
                "pcm_u8",
                "pcm_vidc",
                "qcelp",
                "qdm2",
                "qdmc",
                "ra_144",
                "ra_288",
                "ralf",
                "roq_dpcm",
                "s302m",
                "sbc",
                "sdx2_dpcm",
                "shorten",
                "sipr",
                "siren",
                "smackaudio",
                "smv",
                "sol_dpcm",
                "sonic",
                "sonicls",
                "speex",
                "tak",
                "truehd",
                "truespeech",
                "tta",
                "twinvq",
                "vmdaudio",
                "vorbis",
                "wavesynth",
                "wavpack",
                "westwood_snd1",
                "wmavoice",
                "xan_dpcm",
                "xma1",
                "xma2"
            ],
            "subtitle": [
                "arib_caption",
                "ass",
                "dvb_subtitle",
                "dvb_teletext",
                "dvd_subtitle",
                "eia_608",
                "hdmv_pgs_subtitle",
                "hdmv_text_subtitle",
                "jacosub",
                "microdvd",
                "mov_text",
                "mpl2",
                "pjs",
                "realtext",
                "sami",
                "srt",
                "ssa",
                "stl",
                "subrip",
                "subviewer",
                "subviewer1",
                "text",
                "ttml",
                "vplayer",
                "webvtt",
                "xsub"
            ],
            "data": [
                "bin_data",
                "dvd_nav_packet",
                "epg",
                "klv",
                "mpegts",
                "otf",
                "scte_35",
                "timed_id3"
            ],
            "attachment": [
                "ttf"
            ]
        },
        "default_encoder_params": {
            "video": [
                "libx264"
            ],
            "audio": [
                "aac"
            ],
            "subtitle": [
                "subrip"
            ],
            "data": [],
            "attachment": []
        },
        "remove_codec_names": {
            "video": [],
            "audio": [],
            "subtitle": [],
            "data": [],
            "attachment": []
        }
    },
    "mkv": {
        "label": ".mkv - Matroska",
        "extension": "mkv",
        "codec_types": [
            "video",
            "audio",
            "subtitle",
            "data",
            "attachment"
        ],
        "codec_names": {
            "video": [
                "apng",
                "arbc",
                "argo",
                "asv1",
                "asv2",
                "aura",
                "aura2",
                "av1",
                "avrn",
                "avrp",
                "avs",
                "avs2",
                "avs3",
                "avui",
                "ayuv",
                "bethsoftvid",
                "bfi",
                "binkvideo",
                "bintext",
                "bitpacked",
                "bmp",
                "bmv_video",
                "brender_pix",
                "c93",
                "cavs",
                "cdgraphics",
                "cdtoons",
                "cdxl",
                "cfhd",
                "cinepak",
                "clearvideo",
                "cljr",
                "cllc",
                "cmv",
                "cpia",
                "cri",
                "cscd",
                "cyuv",
                "daala",
                "dds",
                "dfa",
                "dirac",
                "dnxhd",
                "dpx",
                "dsicinvideo",
                "dvvideo",
                "dxa",
                "dxtory",
                "dxv",
                "escape124",
                "escape130",
                "exr",
                "ffv1",
                "ffvhuff",
                "fic",
                "fits",
                "flashsv",
                "flashsv2",
                "flic",
                "flv1",
                "fmvc",
                "fraps",
                "frwu",
                "g2m",
                "gdv",
                "gif",
                "h261",
                "h263",
                "h263i",
                "h263p",
                "h264",
                "hap",
                "hevc",
                "hnm4video",
                "hq_hqa",
                "hqx",
                "huffyuv",
                "hymt",
                "idcin",
                "idf",
                "iff_ilbm",
                "imm4",
                "imm5",
                "indeo2",
                "indeo3",
                "indeo4",
                "indeo5",
                "interplayvideo",
                "ipu",
                "jpeg2000",
                "jpegls",
                "jv",
                "kgv1",
                "kmvc",
                "lagarith",
                "ljpeg",
                "loco",
                "lscr",
                "m101",
                "mad",
                "magicyuv",
                "mdec",
                "mimic",
                "mjpeg",
                "mjpegb",
                "mmvideo",
                "mobiclip",
                "motionpixels",
                "mpeg1video",
                "mpeg2video",
                "mpeg4",
                "msa1",
                "mscc",
                "msmpeg4v1",
                "msmpeg4v2",
                "msmpeg4v3",
                "msp2",
                "msrle",
                "mss1",
                "mss2",
                "msvideo1",
                "mszh",
                "mts2",
                "mv30",
                "mvc1",
                "mvc2",
                "mvdv",
                "mvha",
                "mwsc",
                "mxpeg",
                "notchlc",
                "nuv",
                "paf_video",
                "pam",
                "pbm",
                "pcx",
                "pfm",
                "pgm",
                "pgmyuv",
                "pgx",
                "photocd",
                "pictor",
                "pixlet",
                "png",
                "ppm",
                "prores",
                "prosumer",
                "psd",
                "ptx",
                "qdraw",
                "qpeg",
                "qtrle",
                "r10k",
                "r210",
                "rasc",
                "rawvideo",
                "rl2",
                "roq",
                "rpza",
                "rscc",
                "sanm",
                "scpr",
                "screenpresso",
                "sga",
                "sgi",
                "sgirle",
                "sheervideo",
                "simbiosis_imx",
                "smackvideo",
                "smc",
                "smvjpeg",
                "snow",
                "sp5x",
                "speedhq",
                "srgc",
                "sunrast",
                "svg",
                "svq1",
                "svq3",
                "targa",
                "targa_y216",
                "tdsc",
                "tgq",
                "tgv",
                "theora",
                "thp",
                "tiertexseqvideo",
                "tiff",
                "tmv",
                "tqi",
                "truemotion1",
                "truemotion2",
                "truemotion2rt",
                "tscc",
                "tscc2",
                "txd",
                "ulti",
                "utvideo",
                "v210",
                "v210x",
                "v308",
                "v408",
                "v410",
                "vb",
                "vble",
                "vc1",
                "vc1image",
                "vcr1",
                "vixl",
                "vmdvideo",
                "vmnc",
                "vp3",
                "vp4",
                "vp5",
                "vp6",
                "vp6a",
                "vp6f",
                "vp7",
                "vp8",
                "vp9",
                "vvc",
                "wcmv",
                "webp",
                "wnv1",
                "wrapped_avframe",
                "ws_vqa",
                "xan_wc3",
                "xan_wc4",
                "xbin",
                "xbm",
                "xface",
                "xpm",
                "xwd",
                "y41p",
                "ylc",
                "yop",
                "yuv4",
                "zerocodec",
                "zlib",
                "zmbv"
            ],
            "audio": [
                "4gv",
                "8svx_exp",
                "8svx_fib",
                "aac",
                "aac_latm",
                "ac3",
                "acelp",
                "adpcm_4xm",
                "adpcm_adx",
                "adpcm_afc",
                "adpcm_agm",
                "adpcm_aica",
                "adpcm_argo",
                "adpcm_ct",
                "adpcm_dtk",
                "adpcm_ea",
                "adpcm_ea_maxis_xa",
                "adpcm_ea_r1",
                "adpcm_ea_r2",
                "adpcm_ea_r3",
                "adpcm_ea_xas",
                "adpcm_g722",
                "adpcm_g726",
                "adpcm_g726le",
                "adpcm_ima_alp",
                "adpcm_ima_amv",
                "adpcm_ima_apc",
                "adpcm_ima_apm",
                "adpcm_ima_cunning",
                "adpcm_ima_dat4",
                "adpcm_ima_dk3",
                "adpcm_ima_dk4",
                "adpcm_ima_ea_eacs",
                "adpcm_ima_ea_sead",
                "adpcm_ima_iss",
                "adpcm_ima_moflex",
                "adpcm_ima_mtf",
                "adpcm_ima_oki",
                "adpcm_ima_qt",
                "adpcm_ima_rad",
                "adpcm_ima_smjpeg",
                "adpcm_ima_ssi",
                "adpcm_ima_wav",
                "adpcm_ima_ws",
                "adpcm_ms",
                "adpcm_mtaf",
                "adpcm_psx",
                "adpcm_sbpro_2",
                "adpcm_sbpro_3",
                "adpcm_sbpro_4",
                "adpcm_swf",
                "adpcm_thp",
                "adpcm_thp_le",
                "adpcm_vima",
                "adpcm_xa",
                "adpcm_yamaha",
                "adpcm_zork",
                "alac",
                "amr_nb",
                "amr_wb",
                "ape",
                "aptx",
                "aptx_hd",
                "atrac1",
                "atrac3",
                "atrac3al",
                "atrac3p",
                "atrac3pal",
                "atrac9",
                "avc",
                "binkaudio_dct",
                "binkaudio_rdft",
                "bmv_audio",
                "celt",
                "codec2",
                "comfortnoise",
                "cook",
                "derf_dpcm",
                "dolby_e",
                "dsd_lsbf",
                "dsd_lsbf_planar",
                "dsd_msbf",
                "dsd_msbf_planar",
                "dsicinaudio",
                "dss_sp",
                "dst",
                "dts",
                "dvaudio",
                "eac3",
                "evrc",
                "fastaudio",
                "flac",
                "g723_1",
                "g729",
                "gremlin_dpcm",
                "gsm",
                "gsm_ms",
                "hca",
                "hcom",
                "iac",
                "ilbc",
                "imc",
                "interplay_dpcm",
                "interplayacm",
                "mace3",
                "mace6",
                "metasound",
                "mlp",
                "mp1",
                "mp2",
                "mp3",
                "mp3adu",
                "mp3on4",
                "mp4als",
                "mpegh_3d_audio",
                "musepack7",
                "musepack8",
                "nellymoser",
                "opus",
                "paf_audio",
                "pcm_alaw",
                "pcm_bluray",
                "pcm_dvd",
                "pcm_f16le",
                "pcm_f24le",
                "pcm_f32be",
                "pcm_f32le",
                "pcm_f64be",
                "pcm_f64le",
                "pcm_lxf",
                "pcm_mulaw",
                "pcm_s16be",
                "pcm_s16be_planar",
                "pcm_s16le",
                "pcm_s16le_planar",
                "pcm_s24be",
                "pcm_s24daud",
                "pcm_s24le",
                "pcm_s24le_planar",
                "pcm_s32be",
                "pcm_s32le",
                "pcm_s32le_planar",
                "pcm_s64be",
                "pcm_s64le",
                "pcm_s8",
                "pcm_s8_planar",
                "pcm_sga",
                "pcm_u16be",
                "pcm_u16le",
                "pcm_u24be",
                "pcm_u24le",
                "pcm_u32be",
                "pcm_u32le",
                "pcm_u8",
                "pcm_vidc",
                "qcelp",
                "qdm2",
                "qdmc",
                "ra_144",
                "ra_288",
                "ralf",
                "roq_dpcm",
                "s302m",
                "sbc",
                "sdx2_dpcm",
                "shorten",
                "sipr",
                "siren",
                "smackaudio",
                "smv",
                "sol_dpcm",
                "sonic",
                "sonicls",
                "speex",
                "tak",
                "truehd",
                "truespeech",
                "tta",
                "twinvq",
                "vmdaudio",
                "vorbis",
                "wavesynth",
                "wavpack",
                "westwood_snd1",
                "wmavoice",
                "xan_dpcm",
                "xma1",
                "xma2"
            ],
            "subtitle": [
                "arib_caption",
                "ass",
                "dvb_subtitle",
                "dvb_teletext",
                "dvd_subtitle",
                "eia_608",
                "hdmv_pgs_subtitle",
                "hdmv_text_subtitle",
                "jacosub",
                "microdvd",
                "mpl2",
                "pjs",
                "realtext",
                "srt",
                "ssa",
                "stl",
                "subrip",
                "subviewer",
                "subviewer1",
                "text",
                "ttml",
                "vplayer",
                "webvtt"
            ],
            "data": [],
            "attachment": [
                "ttf"
            ]
        },
        "default_encoder_params": {
            "video": [
                "libx264"
            ],
            "audio": [
                "aac"
            ],
            "subtitle": [
                "subrip"
            ],
            "data": [],
            "attachment": []
        },
        "remove_codec_names": {
            "video": [],
            "audio": [],
            "subtitle": [],
            "data": [],
            "attachment": []
        }
    },
    "avi": {
        "label": ".avi - AVI (Audio Video Interleaved)",
        "extension": "avi",
        "codec_types": [
            "video",
            "audio",
            "subtitle",
            "data",
            "attachment"
        ],
        "codec_names": {
            "video": [
                "4xm",
                "8bps",
                "a64_multi",
                "a64_multi5",
                "aasc",
                "agm",
                "aic",
                "alias_pix",
                "amv",
                "anm",
                "ansi",
                "apng",
                "arbc",
                "argo",
                "asv1",
                "asv2",
                "aura",
                "aura2",
                "av1",
                "avrn",
                "avrp",
                "avs",
                "avs2",
                "avs3",
                "avui",
                "ayuv",
                "bethsoftvid",
                "bfi",
                "binkvideo",
                "bintext",
                "bitpacked",
                "bmp",
                "bmv_video",
                "brender_pix",
                "c93",
                "cavs",
                "cdgraphics",
                "cdtoons",
                "cdxl",
                "cfhd",
                "cinepak",
                "clearvideo",
                "cljr",
                "cllc",
                "cmv",
                "cpia",
                "cri",
                "cscd",
                "cyuv",
                "daala",
                "dds",
                "dfa",
                "dirac",
                "dnxhd",
                "dpx",
                "dsicinvideo",
                "dvvideo",
                "dxa",
                "dxtory",
                "dxv",
                "escape124",
                "escape130",
                "exr",
                "ffv1",
                "ffvhuff",
                "fic",
                "fits",
                "flashsv",
                "flashsv2",
                "flic",
                "flv1",
                "fmvc",
                "fraps",
                "frwu",
                "g2m",
                "gdv",
                "gif",
                "h261",
                "h263",
                "h263i",
                "h263p",
                "h264",
                "hap",
                "hevc",
                "hnm4video",
                "hq_hqa",
                "hqx",
                "huffyuv",
                "hymt",
                "idcin",
                "idf",
                "iff_ilbm",
                "imm4",
                "imm5",
                "indeo2",
                "indeo3",
                "indeo4",
                "indeo5",
                "interplayvideo",
                "ipu",
                "jpeg2000",
                "jpegls",
                "jv",
                "kgv1",
                "kmvc",
                "lagarith",
                "ljpeg",
                "loco",
                "lscr",
                "m101",
                "mad",
                "magicyuv",
                "mdec",
                "mimic",
                "mjpeg",
                "mjpegb",
                "mmvideo",
                "mobiclip",
                "motionpixels",
                "mpeg1video",
                "mpeg2video",
                "mpeg4",
                "msa1",
                "mscc",
                "msmpeg4v1",
                "msmpeg4v2",
                "msmpeg4v3",
                "msp2",
                "msrle",
                "mss1",
                "mss2",
                "msvideo1",
                "mszh",
                "mts2",
                "mv30",
                "mvc1",
                "mvc2",
                "mvdv",
                "mvha",
                "mwsc",
                "mxpeg",
                "notchlc",
                "nuv",
                "paf_video",
                "pam",
                "pbm",
                "pcx",
                "pfm",
                "pgm",
                "pgmyuv",
                "pgx",
                "photocd",
                "pictor",
                "pixlet",
                "png",
                "ppm",
                "prores",
                "prosumer",
                "psd",
                "ptx",
                "qdraw",
                "qpeg",
                "qtrle",
                "r10k",
                "r210",
                "rasc",
                "rawvideo",
                "rl2",
                "roq",
                "rpza",
                "rscc",
                "sanm",
                "scpr",
                "screenpresso",
                "sga",
                "sgi",
                "sgirle",
                "sheervideo",
                "simbiosis_imx",
                "smackvideo",
                "smc",
                "smvjpeg",
                "snow",
                "sp5x",
                "speedhq",
                "srgc",
                "sunrast",
                "svg",
                "svq1",
                "svq3",
                "targa",
                "targa_y216",
                "tdsc",
                "tgq",
                "tgv",
                "theora",
                "thp",
                "tiertexseqvideo",
                "tiff",
                "tmv",
                "tqi",
                "truemotion1",
                "truemotion2",
                "truemotion2rt",
                "tscc",
                "tscc2",
                "txd",
                "ulti",
                "utvideo",
                "v210",
                "v210x",
                "v308",
                "v408",
                "v410",
                "vb",
                "vble",
                "vc1",
                "vc1image",
                "vcr1",
                "vixl",
                "vmdvideo",
                "vmnc",
                "vp3",
                "vp4",
                "vp5",
                "vp6",
                "vp6a",
                "vp6f",
                "vp7",
                "vp8",
                "vp9",
                "vvc",
                "wcmv",
                "webp",
                "wnv1",
                "wrapped_avframe",
                "ws_vqa",
                "xan_wc3",
                "xan_wc4",
                "xbin",
                "xbm",
                "xface",
                "xpm",
                "xwd",
                "y41p",
                "ylc",
                "yop",
                "yuv4",
                "zerocodec",
                "zlib",
                "zmbv"
            ],
            "audio": [
                "4gv",
                "8svx_exp",
                "8svx_fib",
                "aac",
                "aac_latm",
                "ac3",
                "acelp",
                "adpcm_4xm",
                "adpcm_adx",
                "adpcm_afc",
                "adpcm_agm",
                "adpcm_aica",
                "adpcm_argo",
                "adpcm_ct",
                "adpcm_dtk",
                "adpcm_ea",
                "adpcm_ea_maxis_xa",
                "adpcm_ea_r1",
                "adpcm_ea_r2",
                "adpcm_ea_r3",
                "adpcm_ea_xas",
                "adpcm_g722",
                "adpcm_g726",
                "adpcm_g726le",
                "adpcm_ima_alp",
                "adpcm_ima_amv",
                "adpcm_ima_apc",
                "adpcm_ima_apm",
                "adpcm_ima_cunning",
                "adpcm_ima_dat4",
                "adpcm_ima_dk3",
                "adpcm_ima_dk4",
                "adpcm_ima_ea_eacs",
                "adpcm_ima_ea_sead",
                "adpcm_ima_iss",
                "adpcm_ima_moflex",
                "adpcm_ima_mtf",
                "adpcm_ima_oki",
                "adpcm_ima_qt",
                "adpcm_ima_rad",
                "adpcm_ima_smjpeg",
                "adpcm_ima_ssi",
                "adpcm_ima_wav",
                "adpcm_ima_ws",
                "adpcm_ms",
                "adpcm_mtaf",
                "adpcm_psx",
                "adpcm_sbpro_2",
                "adpcm_sbpro_3",
                "adpcm_sbpro_4",
                "adpcm_swf",
                "adpcm_thp",
                "adpcm_thp_le",
                "adpcm_vima",
                "adpcm_xa",
                "adpcm_yamaha",
                "adpcm_zork",
                "alac",
                "amr_nb",
                "amr_wb",
                "ape",
                "aptx",
                "aptx_hd",
                "atrac1",
                "atrac3",
                "atrac3al",
                "atrac3p",
                "atrac3pal",
                "atrac9",
                "avc",
                "binkaudio_dct",
                "binkaudio_rdft",
                "bmv_audio",
                "celt",
                "codec2",
                "comfortnoise",
                "cook",
                "derf_dpcm",
                "dolby_e",
                "dsd_lsbf",
                "dsd_lsbf_planar",
                "dsd_msbf",
                "dsd_msbf_planar",
                "dsicinaudio",
                "dss_sp",
                "dst",
                "dts",
                "dvaudio",
                "eac3",
                "evrc",
                "fastaudio",
                "flac",
                "g723_1",
                "g729",
                "gremlin_dpcm",
                "gsm",
                "gsm_ms",
                "hca",
                "hcom",
                "iac",
                "ilbc",
                "imc",
                "interplay_dpcm",
                "interplayacm",
                "mace3",
                "mace6",
                "metasound",
                "mlp",
                "mp1",
                "mp2",
                "mp3",
                "mp3adu",
                "mp3on4",
                "mp4als",
                "mpegh_3d_audio",
                "musepack7",
                "musepack8",
                "nellymoser",
                "opus",
                "paf_audio",
                "pcm_alaw",
                "pcm_bluray",
                "pcm_dvd",
                "pcm_f16le",
                "pcm_f24le",
                "pcm_f32be",
                "pcm_f32le",
                "pcm_f64be",
                "pcm_f64le",
                "pcm_lxf",
                "pcm_mulaw",
                "pcm_s16be",
                "pcm_s16be_planar",
                "pcm_s16le",
                "pcm_s16le_planar",
                "pcm_s24be",
                "pcm_s24daud",
                "pcm_s24le",
                "pcm_s24le_planar",
                "pcm_s32be",
                "pcm_s32le",
                "pcm_s32le_planar",
                "pcm_s64be",
                "pcm_s64le",
                "pcm_s8",
                "pcm_s8_planar",
                "pcm_sga",
                "pcm_u16be",
                "pcm_u16le",
                "pcm_u24be",
                "pcm_u24le",
                "pcm_u32be",
                "pcm_u32le",
                "pcm_u8",
                "pcm_vidc",
                "qcelp",
                "qdm2",
                "qdmc",
                "ra_144",
                "ra_288",
                "ralf",
                "roq_dpcm",
                "s302m",
                "sbc",
                "sdx2_dpcm",
                "shorten",
                "sipr",
                "siren",
                "smackaudio",
                "smv",
                "sol_dpcm",
                "sonic",
                "sonicls",
                "speex",
                "tak",
                "truehd",
                "truespeech",
                "tta",
                "twinvq",
                "vmdaudio",
                "vorbis",
                "wavesynth",
                "wavpack",
                "westwood_snd1",
                "wmavoice",
                "xan_dpcm",
                "xma1",
                "xma2"
            ],
            "subtitle": [
                "arib_caption",
                "ass",
                "dvb_subtitle",
                "dvb_teletext",
                "dvd_subtitle",
                "eia_608",
                "hdmv_pgs_subtitle",
                "hdmv_text_subtitle",
                "jacosub",
                "microdvd",
                "mpl2",
                "pjs",
                "realtext",
                "sami",
                "srt",
                "ssa",
                "stl",
                "subrip",
                "subviewer",
                "subviewer1",
                "text",
                "ttml",
                "vplayer",
                "xsub"
            ],
            "data": [
                "bin_data",
                "dvd_nav_packet",
                "epg",
                "klv",
                "mpegts",
                "otf",
                "scte_35",
                "timed_id3"
            ],
            "attachment": [
                "ttf"
            ]
        },
        "default_encoder_params": {
            "video": [
                "libx264"
            ],
            "audio": [
                "aac"
            ],
            "subtitle": [],
            "data": [],
            "attachment": []
        },
        "remove_codec_names": {
            "video": [],
            "audio": [],
            "subtitle": [],
            "data": [],
            "attachment": []
        }
    },
    "mp4": {
        "label": ".mp4 - MP4 (MPEG-4 Part 14)",
        "extension": "mp4",
        "codec_types": [
            "video",
            "audio",
            "subtitle",
            "data",
            "attachment"
        ],
        "codec_names": {
            "video": [
                "4xm",
                "8bps",
                "a64_multi",
                "a64_multi5",
                "aasc",
                "agm",
                "aic",
                "alias_pix",
                "amv",
                "anm",
                "ansi",
                "apng",
                "arbc",
                "argo",
                "asv1",
                "asv2",
                "aura",
                "aura2",
                "av1",
                "avrn",
                "avrp",
                "avs",
                "avs2",
                "avs3",
                "avui",
                "ayuv",
                "bethsoftvid",
                "bfi",
                "binkvideo",
                "bintext",
                "bitpacked",
                "bmp",
                "bmv_video",
                "brender_pix",
                "c93",
                "cavs",
                "cdgraphics",
                "cdtoons",
                "cdxl",
                "cfhd",
                "cinepak",
                "clearvideo",
                "cljr",
                "cllc",
                "cmv",
                "cpia",
                "cri",
                "cscd",
                "cyuv",
                "daala",
                "dds",
                "dfa",
                "dirac",
                "dnxhd",
                "dpx",
                "dsicinvideo",
                "dvvideo",
                "dxa",
                "dxtory",
                "dxv",
                "escape124",
                "escape130",
                "exr",
                "ffv1",
                "ffvhuff",
                "fic",
                "fits",
                "flashsv",
                "flashsv2",
                "flic",
                "flv1",
                "fmvc",
                "fraps",
                "frwu",
                "g2m",
                "gdv",
                "gif",
                "h261",
                "h263",
                "h263i",
                "h263p",
                "h264",
                "hap",
                "hevc",
                "hnm4video",
                "hq_hqa",
                "hqx",
                "huffyuv",
                "hymt",
                "idcin",
                "idf",
                "iff_ilbm",
                "imm4",
                "imm5",
                "indeo2",
                "indeo3",
                "indeo4",
                "indeo5",
                "interplayvideo",
                "ipu",
                "jpeg2000",
                "jpegls",
                "jv",
                "kgv1",
                "kmvc",
                "lagarith",
                "ljpeg",
                "loco",
                "lscr",
                "m101",
                "mad",
                "magicyuv",
                "mdec",
                "mimic",
                "mjpeg",
                "mjpegb",
                "mmvideo",
                "mobiclip",
                "motionpixels",
                "mpeg1video",
                "mpeg2video",
                "mpeg4",
                "msa1",
                "mscc",
                "msmpeg4v1",
                "msmpeg4v2",
                "msmpeg4v3",
                "msp2",
                "msrle",
                "mss1",
                "mss2",
                "msvideo1",
                "mszh",
                "mts2",
                "mv30",
                "mvc1",
                "mvc2",
                "mvdv",
                "mvha",
                "mwsc",
                "mxpeg",
                "notchlc",
                "nuv",
                "paf_video",
                "pam",
                "pbm",
                "pcx",
                "pfm",
                "pgm",
                "pgmyuv",
                "pgx",
                "photocd",
                "pictor",
                "pixlet",
                "png",
                "ppm",
                "prores",
                "prosumer",
                "psd",
                "ptx",
                "qdraw",
                "qpeg",
                "qtrle",
                "r10k",
                "r210",
                "rasc",
                "rawvideo",
                "rl2",
                "roq",
                "rpza",
                "rscc",
                "sanm",
                "scpr",
                "screenpresso",
                "sga",
                "sgi",
                "sgirle",
                "sheervideo",
                "simbiosis_imx",
                "smackvideo",
                "smc",
                "smvjpeg",
                "snow",
                "sp5x",
                "speedhq",
                "srgc",
                "sunrast",
                "svg",
                "svq1",
                "svq3",
                "targa",
                "targa_y216",
                "tdsc",
                "tgq",
                "tgv",
                "theora",
                "thp",
                "tiertexseqvideo",
                "tiff",
                "tmv",
                "tqi",
                "truemotion1",
                "truemotion2",
                "truemotion2rt",
                "tscc",
                "tscc2",
                "txd",
                "ulti",
                "utvideo",
                "v210",
                "v210x",
                "v308",
                "v408",
                "v410",
                "vb",
                "vble",
                "vc1",
                "vc1image",
                "vcr1",
                "vixl",
                "vmdvideo",
                "vmnc",
                "vp3",
                "vp4",
                "vp5",
                "vp6",
                "vp6a",
                "vp6f",
                "vp7",
                "vp8",
                "vp9",
                "vvc",
                "wcmv",
                "webp",
                "wnv1",
                "wrapped_avframe",
                "ws_vqa",
                "xan_wc3",
                "xan_wc4",
                "xbin",
                "xbm",
                "xface",
                "xpm",
                "xwd",
                "y41p",
                "ylc",
                "yop",
                "yuv4",
                "zerocodec",
                "zlib",
                "zmbv"
            ],
            "audio": [
                "4gv",
                "8svx_exp",
                "8svx_fib",
                "aac",
                "aac_latm",
                "ac3",
                "acelp",
                "adpcm_4xm",
                "adpcm_adx",
                "adpcm_afc",
                "adpcm_agm",
                "adpcm_aica",
                "adpcm_argo",
                "adpcm_ct",
                "adpcm_dtk",
                "adpcm_ea",
                "adpcm_ea_maxis_xa",
                "adpcm_ea_r1",
                "adpcm_ea_r2",
                "adpcm_ea_r3",
                "adpcm_ea_xas",
                "adpcm_g722",
                "adpcm_g726",
                "adpcm_g726le",
                "adpcm_ima_alp",
                "adpcm_ima_amv",
                "adpcm_ima_apc",
                "adpcm_ima_apm",
                "adpcm_ima_cunning",
                "adpcm_ima_dat4",
                "adpcm_ima_dk3",
                "adpcm_ima_dk4",
                "adpcm_ima_ea_eacs",
                "adpcm_ima_ea_sead",
                "adpcm_ima_iss",
                "adpcm_ima_moflex",
                "adpcm_ima_mtf",
                "adpcm_ima_oki",
                "adpcm_ima_qt",
                "adpcm_ima_rad",
                "adpcm_ima_smjpeg",
                "adpcm_ima_ssi",
                "adpcm_ima_wav",
                "adpcm_ima_ws",
                "adpcm_ms",
                "adpcm_mtaf",
                "adpcm_psx",
                "adpcm_sbpro_2",
                "adpcm_sbpro_3",
                "adpcm_sbpro_4",
                "adpcm_swf",
                "adpcm_thp",
                "adpcm_thp_le",
                "adpcm_vima",
                "adpcm_xa",
                "adpcm_yamaha",
                "adpcm_zork",
                "alac",
                "amr_nb",
                "amr_wb",
                "ape",
                "aptx",
                "aptx_hd",
                "atrac1",
                "atrac3",
                "atrac3al",
                "atrac3p",
                "atrac3pal",
                "atrac9",
                "avc",
                "binkaudio_dct",
                "binkaudio_rdft",
                "bmv_audio",
                "celt",
                "codec2",
                "comfortnoise",
                "cook",
                "derf_dpcm",
                "dolby_e",
                "dsd_lsbf",
                "dsd_lsbf_planar",
                "dsd_msbf",
                "dsd_msbf_planar",
                "dsicinaudio",
                "dss_sp",
                "dst",
                "dts",
                "dvaudio",
                "eac3",
                "evrc",
                "fastaudio",
                "flac",
                "g723_1",
                "g729",
                "gremlin_dpcm",
                "gsm",
                "gsm_ms",
                "hca",
                "hcom",
                "iac",
                "ilbc",
                "imc",
                "interplay_dpcm",
                "interplayacm",
                "mace3",
                "mace6",
                "metasound",
                "mlp",
                "mp1",
                "mp2",
                "mp3",
                "mp3adu",
                "mp3on4",
                "mp4als",
                "mpegh_3d_audio",
                "musepack7",
                "musepack8",
                "nellymoser",
                "opus",
                "paf_audio",
                "pcm_alaw",
                "pcm_bluray",
                "pcm_dvd",
                "pcm_f16le",
                "pcm_f24le",
                "pcm_f32be",
                "pcm_f32le",
                "pcm_f64be",
                "pcm_f64le",
                "pcm_lxf",
                "pcm_mulaw",
                "pcm_s16be",
                "pcm_s16be_planar",
                "pcm_s16le",
                "pcm_s16le_planar",
                "pcm_s24be",
                "pcm_s24daud",
                "pcm_s24le",
                "pcm_s24le_planar",
                "pcm_s32be",
                "pcm_s32le",
                "pcm_s32le_planar",
                "pcm_s64be",
                "pcm_s64le",
                "pcm_s8",
                "pcm_s8_planar",
                "pcm_sga",
                "pcm_u16be",
                "pcm_u16le",
                "pcm_u24be",
                "pcm_u24le",
                "pcm_u32be",
                "pcm_u32le",
                "pcm_u8",
                "pcm_vidc",
                "qcelp",
                "qdm2",
                "qdmc",
                "ra_144",
                "ra_288",
                "ralf",
                "roq_dpcm",
                "s302m",
                "sbc",
                "sdx2_dpcm",
                "shorten",
                "sipr",
                "siren",
                "smackaudio",
                "smv",
                "sol_dpcm",
                "sonic",
                "sonicls",
                "speex",
                "tak",
                "truehd",
                "truespeech",
                "tta",
                "twinvq",
                "vmdaudio",
                "vorbis",
                "wavesynth",
                "wavpack",
                "westwood_snd1",
                "wmavoice",
                "xan_dpcm",
                "xma1",
                "xma2"
            ],
            "subtitle": [
                "arib_caption",
                "dvd_subtitle",
                "eia_608",
                "jacosub",
                "microdvd",
                "mov_text",
                "mpl2",
                "pjs",
                "realtext",
                "stl",
                "subviewer",
                "subviewer1",
                "text",
                "ttml",
                "vplayer",
                "webvtt"
            ],
            "data": [
                "bin_data",
                "dvd_nav_packet",
                "epg",
                "klv",
                "mpegts",
                "otf",
                "scte_35",
                "timed_id3"
            ],
            "attachment": [
                "ttf"
            ]
        },
        "default_encoder_params": {
            "video": [
                "libx264"
            ],
            "audio": [
                "aac"
            ],
            "subtitle": [
                "mov_text"
            ],
            "data": [],
            "attachment": []
        },
        "remove_codec_names": {
            "video": [],
            "audio": [],
            "subtitle": [
                "hdmv_pgs_subtitle"
            ],
            "data": [],
            "attachment": []
        }
    }
}