{
    "author": "Josh.5",
    "compatibility": [
        1,
        2
    ],
    "description": "This Plugin will reset the current working file to the original source if the cache file is larger than the original source.",
    "icon": "https://raw.githubusercontent.com/Josh5/unmanic.plugin.reject_files_larger_than_original/master/icon.png",
    "id": "reject_files_larger_than_original",
    "name": "Reject File if Larger than Original",
    "priorities": {
        "on_library_management_file_test": 2,
        "on_worker_process": 2,
        "on_postprocessor_file_movement": 5
    },
    "tags": "library file test",
    "version": "0.0.3"
}