{
    "author": "Josh.5",
    "compatibility": [
        1,
        2
    ],
    "description": "Ensure all video streams are encoded with the H265/HEVC codec using the libx265 encoder.",
    "icon": "https://raw.githubusercontent.com/Josh5/unmanic.plugin.encoder_video_hevc_libx265/master/icon.png",
    "id": "encoder_video_hevc_libx265",
    "name": "Video Encoder H265/HEVC - libx265 (CPU)",
    "priorities": {
        "on_library_management_file_test": 99,
        "on_worker_process": 0
    },
    "tags": "video,encoder,ffmpeg,library file test",
    "version": "0.0.8"
}
