{
    "author": "Josh.5",
    "compatibility": [
        1,
        2
    ],
    "description": "Convert any ASS subtitle streams in videos to subrip (SRT).",
    "icon": "https://raw.githubusercontent.com/Josh5/unmanic.plugin.convert_subtitle_streams_ass_to_srt/master/icon.png",
    "id": "convert_subtitle_streams_ass_to_srt",
    "name": "Convert any ASS subtitle streams in videos to SRT",
    "priorities": {
        "on_worker_process": 0
    },
    "tags": "subtitle,ffmpeg,library file test",
    "version": "0.0.3"
}