{
    "author": "Josh.5",
    "compatibility": [
        1,
        2
    ],
    "description": "Specify a language tag for Unmanic to try and put as 1st subtitle track.",
    "icon": "https://raw.githubusercontent.com/Josh5/unmanic.plugin.reorder_subtitle_streams_by_language/master/icon.png",
    "id": "reorder_subtitle_streams_by_language",
    "name": "Re-order subtitle streams by language",
    "priorities": {
        "on_library_management_file_test": 99,
        "on_worker_process": 2
    },
    "tags": "subtitle,ffmpeg,library file test",
    "version": "1.0.3"
}
